,word
0,UNK
1,the
2,of
3,and
4,to
5,in
6,that
7,for
8,is
9,as
10,or
11,om
12,buds
13,ombudsman
14,an
15,with
16,be
17,on
18,are
19,this
20,not
21,it
22,by
23,from
24,at
25,was
26,their
27,have
28,can
29,may
30,we
31,they
32,conflict
33,office
34,work
35,association
36,about
37,other
38,international
39,has
40,organizational
41,who
42,one
43,all
44,journal
45,which
46,more
47,will
48,what
49,organization
50,he
51,she
52,also
53,how
54,university
55,if
56,these
57,her
58,role
59,would
60,practice
61,when
62,but
63,should
64,such
65,do
66,our
67,some
68,there
69,were
70,resolution
71,research
72,people
73,had
74,issues
75,any
76,his
77,been
78,many
79,management
80,information
81,those
82,its
83,so
84,process
85,standards
86,time
87,my
88,them
89,could
90,help
91,than
92,new
93,ombudsmen
94,might
95,program
96,within
97,well
98,no
99,you
100,professional
101,bullying
102,while
103,case
104,most
105,confidentiality
106,use
107,system
108,where
109,ti
110,workplace
111,us
112,each
113,only
114,through
115,change
116,staff
117,formal
118,need
119,out
120,options
121,does
122,first
123,provide
124,organizations
125,me
126,ing
127,dispute
128,concerns
129,between
130,important
131,others
132,often
133,because
134,even
135,support
136,visitor
137,mediation
138,data
139,harassment
140,students
141,being
142,members
143,make
144,both
145,example
146,person
147,into
148,way
149,very
150,visitors
151,different
152,employees
153,individual
154,two
155,academic
156,cases
157,over
158,however
159,including
160,student
161,article
162,faculty
163,report
164,author
165,profession
166,behavior
167,parties
168,part
169,must
170,another
171,experience
172,years
173,without
174,then
175,al
176,issue
177,sexual
178,review
179,problem
180,training
181,based
182,communication
183,offices
184,see
185,like
186,legal
187,state
188,own
189,individuals
190,education
191,best
192,problems
193,fairness
194,power
195,did
196,services
197,whether
198,up
199,key
200,situation
201,action
202,informal
203,practices
204,used
205,resources
206,number
207,campus
208,possible
209,made
210,survey
211,authors
212,human
213,employee
214,value
215,board
216,processes
217,questions
218,after
219,take
220,know
221,relationships
222,policy
223,development
224,study
225,justice
226,higher
227,related
228,include
229,working
230,impact
231,ways
232,same
233,group
234,skills
235,relationship
236,much
237,approach
238,ed
239,appropriate
240,your
241,described
242,neutrality
243,culture
244,public
245,programs
246,man
247,community
248,en
249,conflicts
250,rights
251,re
252,understanding
253,confidential
254,team
255,social
256,able
257,given
258,ethics
259,address
260,roles
261,good
262,reporting
263,decision
264,model
265,personal
266,procedures
267,american
268,potential
269,risk
270,provided
271,org
272,needs
273,specific
274,member
275,ie
276,field
277,com
278,likely
279,es
280,place
281,just
282,reports
283,level
284,editor
285,position
286,making
287,function
288,systems
289,er
290,principles
291,understand
292,addition
293,eg
294,policies
295,three
296,effective
297,having
298,using
299,consider
300,following
301,leadership
302,department
303,develop
304,now
305,law
306,serve
307,colleagues
308,health
309,independence
310,business
311,further
312,under
313,act
314,authority
315,ro
316,interest
317,committee
318,web
319,him
320,regarding
321,come
322,ability
323,said
324,several
325,rather
326,college
327,particular
328,right
329,think
330,complaints
331,annual
332,cost
333,publication
334,create
335,find
336,want
337,providing
338,difficult
339,internal
340,independent
341,question
342,concern
343,party
344,form
345,ombudsperson
346,meeting
347,self
348,effectiveness
349,among
350,world
351,oversight
352,discussion
353,although
354,general
355,managers
356,context
357,found
358,common
359,conduct
360,especially
361,challenges
362,con
363,nature
364,provides
365,decisions
366,involved
367,analysis
368,complaint
369,better
370,year
371,during
372,become
373,neutral
374,manuscript
375,available
376,believe
377,standard
378,early
379,mentor
380,why
381,identify
382,feel
383,interests
384,respect
385,less
386,set
387,impartiality
388,someone
389,privilege
390,costs
391,focus
392,code
393,et
394,andor
395,sometimes
396,relevant
397,conference
398,course
399,point
400,words
401,before
402,ethical
403,high
404,go
405,states
406,clear
407,say
408,option
409,trust
410,fact
411,order
412,corporate
413,themselves
414,contact
415,get
416,performance
417,every
418,upon
419,environment
420,included
421,united
422,few
423,practitioners
424,title
425,situations
426,asked
427,against
428,experiences
429,evaluation
430,job
431,note
432,since
433,future
434,ment
435,various
436,still
437,senior
438,feedback
439,offer
440,th
441,actions
442,co
443,result
444,assist
445,long
446,term
447,paper
448,institutions
449,third
450,site
451,dr
452,disputes
453,categories
454,am
455,needed
456,terms
457,outside
458,means
459,technology
460,advocate
461,online
462,thus
463,together
464,book
465,response
466,assistance
467,opportunity
468,access
469,established
470,critical
471,ic
472,resource
473,agreement
474,day
475,basis
476,particularly
477,current
478,national
479,court
480,oos
481,mary
482,knowledge
483,ht
484,ideas
485,supervision
486,respondents
487,second
488,fair
489,goals
490,shared
491,stake
492,significant
493,behaviors
494,evidence
495,additional
496,systemic
497,coaching
498,leaders
499,considered
500,functions
501,resolve
502,times
503,manager
504,felt
505,useful
506,men
507,line
508,president
509,communications
510,benefits
511,learning
512,lin
513,matter
514,influence
515,groups
516,sh
517,ly
518,articles
519,activities
520,present
521,directly
522,responsibility
523,sense
524,trends
525,service
526,uds
527,life
528,compliance
529,seen
530,give
531,company
532,ce
533,success
534,administrative
535,least
536,client
537,multiple
538,four
539,attention
540,values
541,purpose
542,mb
543,similar
544,something
545,de
546,professor
547,engage
548,perceived
549,responses
550,served
551,alternative
552,story
553,serious
554,changes
555,outcomes
556,institution
557,gad
558,conversation
559,meetings
560,pro
561,consideration
562,worked
563,too
564,across
565,here
566,forward
567,discuss
568,perhaps
569,perspective
570,building
571,share
572,guide
573,things
574,identity
575,discussions
576,io
577,yet
578,holders
579,either
580,positive
581,results
582,face
583,idea
584,section
585,addressing
586,informality
587,participants
588,manuscripts
589,always
590,view
591,mission
592,ask
593,external
594,publisher
595,explore
596,end
597,ensure
598,structure
599,hr
600,outcome
601,essential
602,alleged
603,rust
604,recommendations
605,developed
606,supervisor
607,percent
608,developing
609,please
610,deal
611,taking
612,later
613,talk
614,studies
615,professionals
616,presented
617,doing
618,permission
619,whom
620,types
621,according
622,done
623,control
624,per
625,john
626,importance
627,responsible
628,thought
629,going
630,task
631,greater
632,helpful
633,required
634,unique
635,direct
636,name
637,published
638,associations
639,st
640,creating
641,reported
642,cannot
643,serves
644,opportunities
645,discrimination
646,fear
647,protect
648,created
649,efforts
650,open
651,counsel
652,responsibilities
653,back
654,characteristics
655,peer
656,allow
657,ar
658,graduate
659,administration
660,howard
661,seek
662,aware
663,never
664,learn
665,ani
666,identified
667,lead
668,improve
669,real
670,listening
671,commitment
672,mediator
673,strategies
674,society
675,above
676,necessary
677,perceptions
678,theory
679,goal
680,government
681,effectively
682,expectations
683,editorial
684,past
685,wanted
686,thinking
687,ac
688,small
689,assessment
690,variety
691,therefore
692,miller
693,factors
694,identifying
695,range
696,large
697,interpersonal
698,meet
699,officer
700,te
701,nor
702,lack
703,levels
704,kind
705,around
706,due
707,includes
708,notice
709,design
710,practitioner
711,simply
712,negative
713,call
714,active
715,bystander
716,ions
717,experienced
718,language
719,became
720,helping
721,universities
722,director
723,ion
724,content
725,designed
726,classical
727,taken
728,toward
729,defined
730,noted
731,space
732,executive
733,word
734,si
735,california
736,prior
737,assess
738,separate
739,history
740,recent
741,circumstances
742,strong
743,ons
744,approaches
745,benefit
746,areas
747,look
748,top
749,sop
750,aba
751,ma
752,post
753,manage
754,final
755,full
756,examples
757,requires
758,persons
759,procedural
760,received
761,reasons
762,major
763,matters
764,setting
765,concept
766,impartial
767,steps
768,complex
769,financial
770,bring
771,non
772,written
773,ix
774,next
775,receive
776,keep
777,works
778,tools
779,un
780,differences
781,require
782,indicated
783,appear
784,school
785,finally
786,cultural
787,ch
788,anonymous
789,though
790,institutional
791,ca
792,la
793,certain
794,contributions
795,framework
796,reviewed
797,initial
798,list
799,page
800,findings
801,quality
802,again
803,subject
804,status
805,mi
806,rules
807,request
808,guidance
809,consequences
810,women
811,stated
812,harm
813,reviews
814,ann
815,methods
816,career
817,emotional
818,describe
819,pp
820,came
821,colleague
822,discussed
823,follow
824,affect
825,safe
826,awareness
827,email
828,text
829,specifically
830,beyond
831,conversations
832,target
833,primary
834,suggest
835,care
836,litigation
837,maintain
838,makes
839,brought
840,whole
841,writing
842,institute
843,learned
844,ex
845,michigan
846,establish
847,aspects
848,generally
849,zati
850,consistent
851,limited
852,skill
853,records
854,throughout
855,teaching
856,investigation
857,special
858,associate
859,enough
860,serving
861,mean
862,agree
863,once
864,ne
865,za
866,determine
867,focused
868,elements
869,sa
870,etc
871,di
872,style
873,political
874,itself
875,arbitration
876,employer
877,manner
878,managing
879,helps
880,wide
881,dealing
882,administrators
883,grievance
884,le
885,background
886,reviewers
887,intervention
888,definition
889,anyone
890,negotiation
891,began
892,private
893,resolving
894,nd
895,federal
896,media
897,force
898,actually
899,speak
900,true
901,challenge
902,stress
903,directors
904,hard
905,accepted
906,seems
907,statement
908,editors
909,move
910,reference
911,table
912,educational
913,se
914,avoid
915,reflect
916,gender
917,ia
918,tp
919,ers
920,publish
921,im
922,short
923,literature
924,ni
925,bully
926,mediators
927,currently
928,interested
929,great
930,heard
931,little
932,ber
933,treatment
934,involving
935,global
936,events
937,unit
938,clearly
939,governance
940,topic
941,collaboration
942,solutions
943,seeking
944,increase
945,satisfaction
946,medical
947,source
948,called
949,try
950,agenda
951,addressed
952,models
953,looking
954,degree
955,helped
956,continue
957,prepared
958,comments
959,files
960,bud
961,put
962,five
963,voice
964,age
965,ts
966,led
967,else
968,criteria
969,away
970,bar
971,remain
972,supervisors
973,effects
974,facilitate
975,points
976,let
977,charter
978,ap
979,designated
980,already
981,tell
982,prevent
983,intended
984,reason
985,respond
986,project
987,misconduct
988,agreed
989,below
990,category
991,figure
992,really
993,communicate
994,successful
995,almost
996,off
997,diversity
998,notes
999,copyright
1000,valuable
1001,low
1002,confidence
1003,inform
1004,encourage
1005,abuse
1006,side
1007,type
1008,personnel
1009,membership
1010,along
1011,comprehensive
1012,effect
1013,allows
1014,tool
1015,last
1016,otherwise
1017,david
1018,down
1019,retaliation
1020,mechanisms
1021,indeed
1022,step
1023,demonstrate
1024,sops
1025,positions
1026,free
1027,behalf
1028,prevention
1029,hear
1030,capacity
1031,conducted
1032,investigations
1033,measure
1034,raise
1035,accountability
1036,fully
1037,scope
1038,names
1039,patterns
1040,ever
1041,left
1042,interactions
1043,safety
1044,everyone
1045,seem
1046,reasonable
1047,advice
1048,took
1049,ck
1050,bystanders
1051,stage
1052,original
1053,documents
1054,va
1055,perspectives
1056,area
1057,forms
1058,supporting
1059,existing
1060,science
1061,engagement
1062,san
1063,coordinator
1064,core
1065,exist
1066,record
1067,date
1068,population
1069,laws
1070,willing
1071,security
1072,constructive
1073,accept
1074,uc
1075,submissions
1076,operating
1077,define
1078,collection
1079,arise
1080,hand
1081,enhance
1082,applied
1083,concerned
1084,letter
1085,held
1086,broader
1087,references
1088,begin
1089,electronic
1090,single
1091,far
1092,establishing
1093,told
1094,researchers
1095,ten
1096,associated
1097,play
1098,shall
1099,relatively
1100,actual
1101,explained
1102,structures
1103,expressed
1104,plan
1105,family
1106,mc
1107,submitted
1108,known
1109,risks
1110,suggests
1111,extent
1112,hope
1113,quite
1114,build
1115,details
1116,stories
1117,affected
1118,press
1119,english
1120,ko
1121,overall
1122,dynamics
1123,broad
1124,mind
1125,clients
1126,operations
1127,dialogue
1128,climate
1129,channels
1130,ra
1131,achieve
1132,phone
1133,center
1134,fowl
1135,kea
1136,additionally
1137,ongoing
1138,numbers
1139,holds
1140,head
1141,offers
1142,increased
1143,reach
1144,smith
1145,chair
1146,burton
1147,six
1148,raised
1149,despite
1150,expected
1151,practicing
1152,hi
1153,today
1154,regular
1155,sources
1156,vi
1157,guidelines
1158,relations
1159,recognized
1160,challenging
1161,involve
1162,constituents
1163,kinds
1164,facts
1165,sharing
1166,perception
1167,standing
1168,recognize
1169,em
1170,promote
1171,body
1172,surveys
1173,chapter
1174,recognition
1175,sector
1176,evaluate
1177,solving
1178,sample
1179,participation
1180,takes
1181,contribute
1182,considering
1183,employment
1184,maintaining
1185,ad
1186,collaborative
1187,ga
1188,certainly
1189,met
1190,frequently
1191,organisation
1192,offered
1193,unacceptable
1194,instead
1195,continued
1196,questioning
1197,comes
1198,reputation
1199,participate
1200,ey
1201,york
1202,inc
1203,organisational
1204,complete
1205,encouraged
1206,suggestions
1207,months
1208,listen
1209,towards
1210,loss
1211,ultimately
1212,psychology
1213,explain
1214,nt
1215,allegations
1216,effort
1217,typically
1218,session
1219,period
1220,until
1221,whose
1222,keeping
1223,alone
1224,entire
1225,il
1226,document
1227,cultures
1228,friends
1229,sch
1230,specialist
1231,behaviour
1232,added
1233,assessing
1234,appears
1235,id
1236,topics
1237,papers
1238,central
1239,pr
1240,ng
1241,beginning
1242,purposes
1243,occur
1244,hospital
1245,appointed
1246,apply
1247,li
1248,reveal
1249,principal
1250,becoming
1251,coming
1252,introduction
1253,lot
1254,pa
1255,departments
1256,imminent
1257,incivility
1258,diverse
1259,anything
1260,understood
1261,interaction
1262,basic
1263,happen
1264,hours
1265,courts
1266,handling
1267,account
1268,foster
1269,growth
1270,sion
1271,describes
1272,ds
1273,frank
1274,saw
1275,sent
1276,seemed
1277,establishment
1278,getting
1279,workers
1280,turn
1281,mutual
1282,gain
1283,consumer
1284,backgrounds
1285,suggested
1286,conferences
1287,conclusion
1288,recently
1289,clarify
1290,highly
1291,credibility
1292,protection
1293,empathy
1294,leave
1295,giving
1296,discretion
1297,bad
1298,psychological
1299,input
1300,referred
1301,joint
1302,qualitative
1303,vary
1304,agent
1305,highest
1306,channel
1307,unless
1308,sure
1309,express
1310,interviews
1311,mit
1312,civil
1313,creation
1314,ta
1315,expertise
1316,sought
1317,listed
1318,complainant
1319,advocacy
1320,wi
1321,easily
1322,mechanism
1323,practical
1324,integrity
1325,show
1326,earlier
1327,becomes
1328,comfortable
1329,compromise
1330,implications
1331,selected
1332,operate
1333,vice
1334,north
1335,interventions
1336,citations
1337,authorship
1338,ct
1339,exercise
1340,cross
1341,attempt
1342,wish
1343,hold
1344,legislative
1345,engaged
1346,description
1347,quickly
1348,treated
1349,mentioned
1350,powerful
1351,den
1352,strategy
1353,reflection
1354,larger
1355,violence
1356,frame
1357,increasing
1358,simple
1359,meaningful
1360,claim
1361,affairs
1362,nothing
1363,lives
1364,ki
1365,similarly
1366,traditional
1367,rule
1368,asking
1369,retrieved
1370,dean
1371,balance
1372,evaluating
1373,outreach
1374,respondent
1375,recommend
1376,na
1377,difference
1378,material
1379,home
1380,trend
1381,cause
1382,submission
1383,former
1384,strategic
1385,regularly
1386,appeared
1387,damage
1388,reviewing
1389,turnover
1390,usually
1391,firm
1392,opinion
1393,ee
1394,chief
1395,computer
1396,problematic
1397,abstract
1398,instance
1399,previous
1400,increasingly
1401,agencies
1402,relation
1403,finding
1404,handle
1405,assistant
1406,hostile
1407,refer
1408,feelings
1409,productivity
1410,targets
1411,po
1412,ns
1413,natural
1414,tasks
1415,leader
1416,supra
1417,covenantal
1418,themes
1419,engaging
1420,start
1421,element
1422,users
1423,transition
1424,acceptable
1425,visit
1426,objective
1427,countries
1428,sides
1429,answer
1430,victim
1431,allowed
1432,daily
1433,hearing
1434,protected
1435,victims
1436,days
1437,peace
1438,read
1439,frequency
1440,summary
1441,orientation
1442,aspect
1443,calls
1444,uses
1445,happened
1446,freedom
1447,claims
1448,fi
1449,publications
1450,ab
1451,informally
1452,bias
1453,physical
1454,acting
1455,tenure
1456,stop
1457,requirements
1458,informed
1459,truly
1460,cited
1461,unfair
1462,agency
1463,meaning
1464,equity
1465,underlying
1466,decided
1467,eventually
1468,decide
1469,application
1470,numerous
1471,certification
1472,duties
1473,emphasis
1474,privacy
1475,knew
1476,son
1477,views
1478,ham
1479,furthermore
1480,evolution
1481,nations
1482,method
1483,exception
1484,close
1485,colleges
1486,ensuring
1487,longer
1488,front
1489,neither
1490,inappropriate
1491,reality
1492,foundation
1493,conducting
1494,managed
1495,instances
1496,resolved
1497,started
1498,stein
1499,examine
1500,obvious
1501,concerning
1502,gave
1503,exists
1504,inter
1505,limitations
1506,fundamental
1507,lines
1508,twenty
1509,involves
1510,class
1511,race
1512,search
1513,male
1514,el
1515,march
1516,october
1517,secure
1518,complainants
1519,obtained
1520,somewhat
1521,cal
1522,bl
1523,enable
1524,considerations
1525,differently
1526,add
1527,news
1528,observed
1529,structural
1530,potentially
1531,remember
1532,rate
1533,credit
1534,og
1535,places
1536,implementation
1537,insight
1538,thing
1539,country
1540,norms
1541,ourselves
1542,thoughts
1543,accessed
1544,version
1545,identification
1546,requests
1547,april
1548,principle
1549,ef
1550,unable
1551,mental
1552,test
1553,trying
1554,easy
1555,himself
1556,legitimate
1557,encourages
1558,sole
1559,improving
1560,concepts
1561,revealed
1562,herself
1563,measures
1564,ley
1565,tr
1566,strengthen
1567,receiving
1568,activity
1569,pursue
1570,signature
1571,scholarly
1572,uni
1573,caller
1574,ati
1575,brief
1576,acknowledge
1577,presentation
1578,communicating
1579,involvement
1580,disclosure
1581,exploring
1582,house
1583,exchange
1584,filed
1585,lu
1586,tom
1587,series
1588,sessions
1589,economic
1590,prov
1591,previously
1592,anonymity
1593,techniques
1594,returned
1595,mo
1596,alliance
1597,causes
1598,actor
1599,mandatory
1600,supported
1601,units
1602,trained
1603,conditions
1604,personality
1605,sets
1606,determination
1607,iv
1608,disclose
1609,occurs
1610,bing
1611,van
1612,materials
1613,protecting
1614,implement
1615,contract
1616,charles
1617,desired
1618,styles
1619,lost
1620,consultant
1621,vision
1622,gathering
1623,answers
1624,assisted
1625,budget
1626,money
1627,spent
1628,bullied
1629,contrast
1630,multi
1631,truth
1632,micro
1633,acts
1634,reduce
1635,week
1636,ol
1637,ive
1638,facilitation
1639,via
1640,solve
1641,respectful
1642,viewed
1643,grievances
1644,peri
1645,ago
1646,conventions
1647,moore
1648,volume
1649,defining
1650,discipline
1651,sensitive
1652,methodology
1653,changing
1654,alternatives
1655,local
1656,carefully
1657,settings
1658,contribution
1659,internet
1660,probably
1661,behind
1662,choice
1663,ness
1664,attorney
1665,scientific
1666,white
1667,anti
1668,ler
1669,du
1670,ground
1671,january
1672,red
1673,commission
1674,familiar
1675,elsewhere
1676,widely
1677,refers
1678,primarily
1679,direction
1680,tu
1681,procedure
1682,ut
1683,eds
1684,print
1685,oc
1686,op
1687,washington
1688,main
1689,inquiry
1690,proposed
1691,fit
1692,choose
1693,resistance
1694,forum
1695,completed
1696,teams
1697,official
1698,absence
1699,jim
1700,regardless
1701,believes
1702,violation
1703,raising
1704,expert
1705,chancellor
1706,lee
1707,impacts
1708,ho
1709,room
1710,improvement
1711,operational
1712,light
1713,offering
1714,chris
1715,contributed
1716,comment
1717,assault
1718,advisor
1719,collective
1720,lab
1721,tps
1722,reviewer
1723,coach
1724,ality
1725,ms
1726,instructor
1727,file
1728,mentors
1729,emerging
1730,followed
1731,gives
1732,objectives
1733,funding
1734,achieving
1735,mandate
1736,connection
1737,advocates
1738,equal
1739,representative
1740,books
1741,james
1742,makers
1743,america
1744,advance
1745,consult
1746,planning
1747,ka
1748,fund
1749,francisco
1750,possibly
1751,empirical
1752,location
1753,september
1754,solution
1755,complexity
1756,majority
1757,starting
1758,observation
1759,sites
1760,pattern
1761,sufficient
1762,corporation
1763,trusted
1764,investigate
1765,nearly
1766,administrator
1767,fairly
1768,beneficial
1769,promoting
1770,limits
1771,messages
1772,proactive
1773,late
1774,occurred
1775,harrison
1776,mer
1777,fields
1778,lessons
1779,clarity
1780,judgment
1781,message
1782,entity
1783,inclusive
1784,columbia
1785,dual
1786,represent
1787,explored
1788,necessarily
1789,existence
1790,failure
1791,observations
1792,clinical
1793,faced
1794,facing
1795,mistakes
1796,feeling
1797,disciplinary
1798,supportive
1799,presents
1800,objectivity
1801,imagine
1802,placed
1803,organ
1804,ter
1805,swedish
1806,ec
1807,dynamic
1808,recommendation
1809,collected
1810,actively
1811,worth
1812,duty
1813,expect
1814,statements
1815,guided
1816,month
1817,possibility
1818,sen
1819,operates
1820,employed
1821,talking
1822,recommended
1823,emerged
1824,crucial
1825,determining
1826,accountable
1827,sp
1828,figures
1829,appointment
1830,advocating
1831,reflective
1832,accordance
1833,responding
1834,functioning
1835,facilitating
1836,chance
1837,happens
1838,focusing
1839,features
1840,regional
1841,rely
1842,employers
1843,wrong
1844,adopted
1845,movement
1846,send
1847,labor
1848,stand
1849,none
1850,rs
1851,bern
1852,bu
1853,su
1854,dis
1855,questionnaire
1856,half
1857,sees
1858,accordingly
1859,requested
1860,emotions
1861,assigned
1862,detail
1863,assisting
1864,kept
1865,leonard
1866,got
1867,sign
1868,ended
1869,initially
1870,professions
1871,paradox
1872,crisis
1873,cr
1874,disciplines
1875,regulations
1876,workforce
1877,proceedings
1878,productive
1879,went
1880,origins
1881,sc
1882,knowing
1883,remains
1884,ally
1885,ss
1886,player
1887,continuing
1888,resulting
1889,evolved
1890,independently
1891,initiate
1892,ones
1893,presentations
1894,legislation
1895,narrative
1896,ideally
1897,actors
1898,stages
1899,desire
1900,compared
1901,moral
1902,interpretation
1903,tone
1904,convey
1905,normally
1906,wagner
1907,uncomfortable
1908,growing
1909,pressure
1910,interviewed
1911,careful
1912,moving
1913,closely
1914,ny
1915,moreover
1916,ha
1917,grant
1918,participant
1919,minor
1920,charge
1921,civility
1922,enc
1923,attempts
1924,boundaries
1925,courses
1926,hatte
1927,sectors
1928,toa
1929,definitions
1930,poor
1931,seven
1932,total
1933,subsequent
1934,fourth
1935,usage
1936,amount
1937,immediately
1938,fee
1939,extensive
1940,continues
1941,environments
1942,depending
1943,describing
1944,campuses
1945,believed
1946,contacting
1947,everything
1948,reading
1949,exposure
1950,tension
1951,interview
1952,languages
1953,union
1954,judgments
1955,notion
1956,nu
1957,entitled
1958,profile
1959,wrote
1960,europe
1961,leading
1962,ja
1963,caucus
1964,developments
1965,systematic
1966,immediate
1967,incident
1968,shown
1969,corporations
1970,recognizing
1971,follows
1972,shift
1973,proper
1974,blo
1975,essays
1976,train
1977,piece
1978,run
1979,identifies
1980,formally
1981,agreements
1982,cover
1983,regard
1984,lt
1985,copies
1986,intake
1987,authorities
1988,city
1989,carman
1990,produce
1991,insights
1992,significantly
1993,initiatives
1994,grateful
1995,cy
1996,threats
1997,technical
1998,brown
1999,myself
2000,communities
2001,pi
2002,terrie
2003,manual
2004,changed
2005,approved
2006,repeated
2007,indicate
2008,approximately
2009,medicine
2010,saying
2011,event
2012,operation
2013,outlined
2014,seeks
2015,aligned
2016,counseling
2017,perform
2018,criticism
2019,old
2020,integrated
2021,creates
2022,handled
2023,africa
2024,strongly
2025,lawyer
2026,valued
2027,copy
2028,measuring
2029,interesting
2030,ton
2031,doctoral
2032,moment
2033,path
2034,pre
2035,scholarship
2036,certified
2037,covenant
2038,uniform
2039,statistical
2040,bark
2041,preferred
2042,scenario
2043,obtain
2044,berg
2045,interact
2046,demonstrated
2047,wants
2048,demonstrating
2049,courage
2050,write
2051,salary
2052,fall
2053,experts
2054,charged
2055,timely
2056,teach
2057,attitudes
2058,eh
2059,aggression
2060,canadian
2061,era
2062,february
2063,audit
2064,grow
2065,draw
2066,thank
2067,lincoln
2068,deeply
2069,blind
2070,contracts
2071,chicago
2072,expedited
2073,parts
2074,sort
2075,showing
2076,consulting
2077,bo
2078,learners
2079,gn
2080,thereby
2081,items
2082,allowing
2083,willingness
2084,december
2085,network
2086,count
2087,relevance
2088,vital
2089,typical
2090,return
2091,patient
2092,administered
2093,video
2094,readers
2095,adherence
2096,publishing
2097,apparent
2098,assumptions
2099,initiative
2100,indicates
2101,tried
2102,impossible
2103,acknowledged
2104,inside
2105,determined
2106,impacted
2107,competence
2108,mar
2109,industry
2110,capital
2111,june
2112,contexts
2113,companies
2114,belief
2115,normal
2116,collect
2117,appeals
2118,scholars
2119,requirement
2120,disagree
2121,kos
2122,republish
2123,largely
2124,expand
2125,ties
2126,inherent
2127,frames
2128,adjunct
2129,tech
2130,researcher
2131,academy
2132,provost
2133,produced
2134,docs
2135,rise
2136,reflected
2137,encouraging
2138,choices
2139,replace
2140,minimum
2141,usefulness
2142,spot
2143,presence
2144,grounded
2145,passed
2146,assume
2147,designing
2148,upward
2149,rg
2150,equally
2151,respected
2152,whatever
2153,factor
2154,officers
2155,evaluations
2156,average
2157,pay
2158,experiencing
2159,applying
2160,bullies
2161,tend
2162,rt
2163,virtue
2164,format
2165,whistle
2166,realize
2167,speaking
2168,attend
2169,racial
2170,ws
2171,stakeholder
2172,savings
2173,tors
2174,comb
2175,select
2176,philosophy
2177,trainer
2178,south
2179,distributive
2180,enabling
2181,accurate
2182,evaluative
2183,expectation
2184,ur
2185,progress
2186,revision
2187,spa
2188,failed
2189,shows
2190,physician
2191,scale
2192,applicable
2193,creative
2194,implementing
2195,abusive
2196,perceive
2197,named
2198,built
2199,looked
2200,completely
2201,disagreement
2202,compassion
2203,comfort
2204,occurring
2205,threat
2206,managerial
2207,november
2208,debate
2209,product
2210,acceptance
2211,efficient
2212,mention
2213,stay
2214,badly
2215,voluntary
2216,adequate
2217,exceptions
2218,granted
2219,worthy
2220,counselor
2221,highlight
2222,ownership
2223,night
2224,facilitated
2225,handbook
2226,yn
2227,letters
2228,spend
2229,sciences
2230,linguistic
2231,degrees
2232,biases
2233,mayer
2234,driven
2235,middle
2236,chrissie
2237,visible
2238,brings
2239,geneva
2240,contacts
2241,nine
2242,um
2243,confusion
2244,bank
2245,employ
2246,permit
2247,opening
2248,highlights
2249,rich
2250,examining
2251,represents
2252,bringing
2253,goes
2254,fe
2255,personally
2256,size
2257,surface
2258,feels
2259,appendix
2260,ea
2261,influenced
2262,motivation
2263,lo
2264,tyler
2265,par
2266,sb
2267,dc
2268,dimensions
2269,link
2270,fellow
2271,east
2272,vulnerable
2273,canada
2274,florida
2275,retain
2276,discovery
2277,distributed
2278,possibilities
2279,don
2280,jan
2281,quantitative
2282,root
2283,historical
2284,wisdom
2285,quet
2286,theories
2287,phenomenon
2288,bass
2289,soon
2290,bob
2291,deeper
2292,joss
2293,japan
2294,consensual
2295,decades
2296,represented
2297,comparison
2298,expanded
2299,constituencies
2300,peers
2301,accused
2302,assessed
2303,supports
2304,greatest
2305,introduced
2306,ship
2307,receives
2308,turned
2309,gets
2310,unlike
2311,entities
2312,ii
2313,influences
2314,sky
2315,pub
2316,focuses
2317,consultation
2318,committees
2319,advantage
2320,limit
2321,workshops
2322,boss
2323,credible
2324,lawyers
2325,explicitly
2326,settlement
2327,art
2328,license
2329,classroom
2330,studied
2331,fo
2332,strengths
2333,ob
2334,improved
2335,essentially
2336,children
2337,seriously
2338,phase
2339,med
2340,ball
2341,escalate
2342,eight
2343,pen
2344,contain
2345,ideal
2346,index
2347,performing
2348,strict
2349,scenarios
2350,pe
2351,formed
2352,dignity
2353,generate
2354,addresses
2355,visibility
2356,gap
2357,leaving
2358,examined
2359,deep
2360,ag
2361,harvard
2362,tees
2363,successfully
2364,woman
2365,heads
2366,behaviours
2367,chosen
2368,opinions
2369,connect
2370,participated
2371,advisory
2372,ver
2373,zero
2374,resolutions
2375,ate
2376,mp
2377,ll
2378,fight
2379,destructive
2380,players
2381,seemingly
2382,conform
2383,publishers
2384,intellectual
2385,explicit
2386,thomas
2387,prof
2388,talked
2389,doe
2390,partner
2391,hall
2392,reaching
2393,energy
2394,politics
2395,kathleen
2396,carolina
2397,measurement
2398,database
2399,undertaken
2400,invited
2401,pages
2402,resulted
2403,track
2404,flexibility
2405,forth
2406,dedicated
2407,ls
2408,consistently
2409,gather
2410,monitoring
2411,proceed
2412,requiring
2413,presenting
2414,dependent
2415,occasionally
2416,reached
2417,discussing
2418,adhere
2419,conscious
2420,unusual
2421,referral
2422,attorneys
2423,except
2424,reduced
2425,inclusion
2426,modification
2427,difficulty
2428,female
2429,robert
2430,representatives
2431,faith
2432,encounter
2433,essence
2434,opposed
2435,taught
2436,pursuing
2437,defines
2438,strive
2439,defend
2440,intent
2441,detailed
2442,preventing
2443,win
2444,ako
2445,preparation
2446,charges
2447,thoughtful
2448,lb
2449,aids
2450,prepare
2451,dissertation
2452,carry
2453,treat
2454,cation
2455,affiliation
2456,crystal
2457,consensus
2458,contractual
2459,consistency
2460,governmental
2461,remained
2462,rates
2463,commonly
2464,analyze
2465,july
2466,correct
2467,educate
2468,obligations
2469,door
2470,leads
2471,mediate
2472,challenged
2473,miriam
2474,ant
2475,transfer
2476,religion
2477,elizabeth
2478,obligation
2479,depends
2480,draft
2481,says
2482,intangible
2483,structured
2484,cl
2485,mu
2486,da
2487,spoke
2488,covered
2489,abilities
2490,specialized
2491,honor
2492,regulation
2493,rests
2494,hierarchical
2495,bureaucracy
2496,preferences
2497,plans
2498,substantive
2499,contacted
2500,illegal
2501,religious
2502,rm
2503,breach
2504,lish
2505,judge
2506,ox
2507,begins
2508,amongst
2509,maintains
2510,violate
2511,conceptual
2512,admin
2513,assoc
2514,narratives
2515,reframing
2516,minutes
2517,injustice
2518,explaining
2519,reflecting
2520,ld
2521,eaux
2522,adult
2523,colorado
2524,bio
2525,ff
2526,healthy
2527,navigate
2528,int
2529,difficulties
2530,williams
2531,conclusions
2532,andrea
2533,linked
2534,observe
2535,appreciate
2536,institutes
2537,fashion
2538,rd
2539,components
2540,exercises
2541,implemented
2542,reflects
2543,massachusetts
2544,warning
2545,prefer
2546,moved
2547,explanation
2548,internally
2549,characterized
2550,fac
2551,aid
2552,meant
2553,ill
2554,daniel
2555,relating
2556,bill
2557,os
2558,appeal
2559,excellent
2560,executives
2561,efficiency
2562,documented
2563,alan
2564,choosing
2565,speech
2566,easier
2567,openly
2568,king
2569,douglas
2570,trial
2571,violations
2572,ml
2573,passive
2574,estimate
2575,mediating
2576,als
2577,fid
2578,reconciliation
2579,funds
2580,modern
2581,lived
2582,tensions
2583,interviewing
2584,mutually
2585,rudolph
2586,caused
2587,council
2588,pd
2589,scheme
2590,solo
2591,buss
2592,cf
2593,bels
2594,hart
2595,ready
2596,digital
2597,ras
2598,kindness
2599,raines
2600,cooperation
2601,aim
2602,overview
2603,adopt
2604,participating
2605,software
2606,aside
2607,sound
2608,eliminate
2609,verbal
2610,behavioral
2611,visited
2612,character
2613,distinct
2614,live
2615,clarifying
2616,anxiety
2617,disputants
2618,tolerance
2619,approached
2620,lawsuit
2621,neutrals
2622,tangible
2623,ge
2624,cc
2625,complicated
2626,projects
2627,comp
2628,publicly
2629,staffing
2630,ignored
2631,generating
2632,accomplish
2633,autonomy
2634,telephone
2635,enhanced
2636,afraid
2637,ya
2638,happening
2639,leaves
2640,critique
2641,orientations
2642,looks
2643,origin
2644,unfortunately
2645,likewise
2646,connected
2647,lc
2648,appreciation
2649,santa
2650,journals
2651,ger
2652,departmental
2653,workshop
2654,brian
2655,bureaucratic
2656,imp
2657,frustration
2658,committed
2659,cul
2660,articulated
2661,angeles
2662,pacific
2663,gs
2664,length
2665,grammatical
2666,kell
2667,restructuring
2668,univ
2669,rc
2670,trainings
2671,rain
2672,beck
2673,asynchronous
2674,georgia
2675,pioneers
2676,collaborations
2677,tracking
2678,minimize
2679,arising
2680,statistics
2681,rest
2682,relational
2683,patients
2684,check
2685,dealt
2686,remaining
2687,exploration
2688,varied
2689,located
2690,signed
2691,facilitator
2692,cons
2693,hierarchy
2694,asks
2695,interpret
2696,cern
2697,communicated
2698,generation
2699,distinction
2700,big
2701,abrasive
2702,wellbeing
2703,european
2704,anger
2705,lisa
2706,gram
2707,senate
2708,restorative
2709,descriptions
2710,specialists
2711,preserve
2712,binding
2713,barriers
2714,ethnic
2715,functional
2716,compensation
2717,reasonably
2718,contemporary
2719,contributing
2720,forma
2721,teachers
2722,august
2723,availability
2724,broadly
2725,acknowledging
2726,connections
2727,honest
2728,adversarial
2729,ary
2730,adams
2731,abc
2732,expression
2733,item
2734,ay
2735,integration
2736,young
2737,ken
2738,interactional
2739,attended
2740,reflections
2741,hl
2742,professionally
2743,sampling
2744,continually
2745,subcategories
2746,evident
2747,maintained
2748,vs
2749,collecting
2750,enables
2751,rarely
2752,properly
2753,walk
2754,paid
2755,officials
2756,likelihood
2757,worst
2758,heart
2759,telling
2760,living
2761,intentions
2762,picture
2763,equitably
2764,equitable
2765,sand
2766,concluded
2767,distress
2768,morale
2769,accessible
2770,openness
2771,est
2772,prove
2773,substantial
2774,host
2775,constitutes
2776,partners
2777,codes
2778,component
2779,readily
2780,panel
2781,production
2782,differ
2783,fewer
2784,circumstance
2785,seeing
2786,utilize
2787,submit
2788,destruction
2789,costly
2790,collectively
2791,consulted
2792,property
2793,mat
2794,caseload
2795,comm
2796,frequent
2797,condition
2798,pioneering
2799,ted
2800,regions
2801,opened
2802,edited
2803,ised
2804,neum
2805,promotion
2806,relate
2807,eleven
2808,struggle
2809,mr
2810,break
2811,wall
2812,filing
2813,tor
2814,recover
2815,arts
2816,reliable
2817,placement
2818,revisions
2819,pain
2820,apart
2821,listened
2822,shuttle
2823,af
2824,undermine
2825,variables
2826,holding
2827,errors
2828,suggesting
2829,image
2830,br
2831,theoretical
2832,uti
2833,fail
2834,gov
2835,intense
2836,sum
2837,arrangements
2838,consumers
2839,providers
2840,putting
2841,ails
2842,remove
2843,lose
2844,confused
2845,liability
2846,australia
2847,joined
2848,war
2849,modified
2850,agents
2851,subpoena
2852,consent
2853,stating
2854,retention
2855,ui
2856,unbiased
2857,electronically
2858,greatly
2859,transparency
2860,eye
2861,linda
2862,unnecessary
2863,boston
2864,bi
2865,avoided
2866,parameters
2867,relates
2868,century
2869,promise
2870,col
2871,professors
2872,programmes
2873,ba
2874,correspondence
2875,native
2876,ohio
2877,retired
2878,positioned
2879,barbara
2880,counselors
2881,keeps
2882,detroit
2883,gaps
2884,disagreements
2885,random
2886,baker
2887,attendees
2888,ambivalence
2889,hamilton
2890,analyses
2891,rationale
2892,illustrate
2893,inquiries
2894,phrase
2895,adapt
2896,edition
2897,strength
2898,framing
2899,adequately
2900,instrumental
2901,spring
2902,responded
2903,depth
2904,considerable
2905,constantly
2906,considers
2907,near
2908,simultaneously
2909,incidents
2910,begun
2911,questioned
2912,advise
2913,unfairly
2914,doubt
2915,appropriately
2916,directed
2917,societal
2918,nursing
2919,customer
2920,industrial
2921,ser
2922,fulfill
2923,customers
2924,evolve
2925,specified
2926,commit
2927,calling
2928,blower
2929,bit
2930,drawn
2931,disclosed
2932,deliver
2933,removed
2934,whereas
2935,safeguards
2936,assurance
2937,consequently
2938,increases
2939,defense
2940,gu
2941,identities
2942,publicity
2943,worldwide
2944,authorization
2945,comprised
2946,compare
2947,callers
2948,pos
2949,nell
2950,domain
2951,pressures
2952,gen
2953,articulate
2954,noting
2955,economics
2956,investment
2957,cat
2958,sex
2959,negotiations
2960,earned
2961,holl
2962,hughes
2963,journey
2964,theater
2965,bomb
2966,mathematician
2967,covenants
2968,wright
2969,advantages
2970,hereafter
2971,aims
2972,showed
2973,solely
2974,versus
2975,lower
2976,simon
2977,user
2978,pleased
2979,argued
2980,incorporate
2981,apa
2982,wait
2983,generated
2984,referrals
2985,emphasize
2986,dilemma
2987,partiality
2988,factual
2989,ordinary
2990,reader
2991,interpreted
2992,rapport
2993,complained
2994,extremely
2995,testify
2996,compelling
2997,virtually
2998,mandated
2999,supervisory
3000,analyzing
3001,spoken
3002,forces
3003,yes
3004,schools
3005,combined
3006,criminal
3007,privileged
3008,noticed
3009,perpetrator
3010,friend
3011,mobbing
3012,cs
3013,blame
3014,positively
3015,reactions
3016,res
3017,fa
3018,foundations
3019,fulfilling
3020,realistic
3021,guiding
3022,lies
3023,varying
3024,provider
3025,array
3026,maintenance
3027,percentage
3028,reluctant
3029,hurt
3030,coworkers
3031,argue
3032,welfare
3033,statute
3034,governing
3035,demand
3036,avoiding
3037,promotes
3038,mediated
3039,norm
3040,allies
3041,popular
3042,silent
3043,jose
3044,numbered
3045,spelling
3046,titles
3047,hereby
3048,uniquely
3049,estimates
3050,evolving
3051,played
3052,audience
3053,gray
3054,cess
3055,teacher
3056,achievement
3057,tat
3058,embedded
3059,embrace
3060,tical
3061,grounds
3062,judicial
3063,founding
3064,psychologist
3065,classes
3066,wa
3067,trauma
3068,west
3069,green
3070,minnesota
3071,morse
3072,locations
3073,overcome
3074,programme
3075,organized
3076,phones
3077,undergraduate
3078,marie
3079,motivational
3080,hoose
3081,revised
3082,quick
3083,routine
3084,applications
3085,constituency
3086,propose
3087,justify
3088,extended
3089,scrutiny
3090,ranging
3091,introduce
3092,alert
3093,base
3094,worse
3095,closed
3096,gone
3097,angry
3098,qualify
3099,redress
3100,investigative
3101,pino
3102,practiced
3103,continuous
3104,thanks
3105,carried
3106,ice
3107,mine
3108,bottom
3109,inconsistent
3110,ai
3111,silence
3112,ib
3113,combination
3114,enterprise
3115,routinely
3116,controlling
3117,reducing
3118,competing
3119,forced
3120,realized
3121,cell
3122,businesses
3123,monitor
3124,zealand
3125,citizens
3126,aggregate
3127,achievements
3128,negatively
3129,scientists
3130,corrections
3131,starts
3132,reproduce
3133,heavily
3134,mis
3135,computers
3136,ease
3137,munic
3138,ins
3139,quarterly
3140,vol
3141,priorities
3142,exp
3143,achieved
3144,cooper
3145,emotion
3146,importantly
3147,framed
3148,ass
3149,discusses
3150,competition
3151,inevitable
3152,genuine
3153,ineffective
3154,weeks
3155,tenured
3156,emphasized
3157,creativity
3158,circle
3159,intention
3160,advisors
3161,doc
3162,asia
3163,centered
3164,bol
3165,ids
3166,misunderstandings
3167,coe
3168,chose
3169,sustainable
3170,log
3171,emerge
3172,casework
3173,brook
3174,sock
3175,division
3176,exactly
3177,decides
3178,assure
3179,efficacy
3180,supplement
3181,thorough
3182,targeted
3183,measured
3184,walking
3185,assertions
3186,der
3187,remedies
3188,repeatedly
3189,commitments
3190,buy
3191,viable
3192,networks
3193,raises
3194,perfect
3195,patience
3196,critically
3197,demands
3198,nevertheless
3199,color
3200,offensive
3201,suppose
3202,removing
3203,inability
3204,wider
3205,jour
3206,janet
3207,flic
3208,zen
3209,firms
3210,jurisdiction
3211,spectrum
3212,contains
3213,sections
3214,cor
3215,flexible
3216,boards
3217,command
3218,coordination
3219,adding
3220,contrary
3221,consists
3222,maybe
3223,goods
3224,unlikely
3225,fill
3226,wit
3227,fears
3228,illuminate
3229,arrived
3230,briefly
3231,careers
3232,provisions
3233,wrongdoing
3234,distinguish
3235,warrants
3236,protective
3237,satisfied
3238,violated
3239,burden
3240,deciding
3241,ak
3242,consecutively
3243,processing
3244,translation
3245,conveyed
3246,relative
3247,wheat
3248,distinguished
3249,michael
3250,lawsuits
3251,resp
3252,devices
3253,containing
3254,valid
3255,intentionally
3256,integrate
3257,arguments
3258,assumed
3259,favor
3260,tice
3261,mac
3262,jobs
3263,publishes
3264,sub
3265,listing
3266,postgraduate
3267,secretary
3268,pf
3269,individually
3270,dysfunctional
3271,discourse
3272,ting
3273,seriousness
3274,discovered
3275,attending
3276,mostly
3277,gains
3278,arose
3279,assignment
3280,stu
3281,equality
3282,humility
3283,smart
3284,ps
3285,african
3286,schedule
3287,improvisation
3288,stony
3289,ae
3290,alignment
3291,cun
3292,reen
3293,depend
3294,hence
3295,anticipate
3296,latter
3297,exam
3298,appreciated
3299,technologies
3300,uncertainty
3301,demographics
3302,explores
3303,mail
3304,fifty
3305,analyzed
3306,explains
3307,inspired
3308,selection
3309,disclosing
3310,exercised
3311,foundational
3312,apparently
3313,confirmed
3314,painful
3315,speaks
3316,wonder
3317,examines
3318,footnote
3319,recognizes
3320,negotiating
3321,aggressive
3322,strives
3323,sm
3324,emotionally
3325,wondered
3326,enjoy
3327,reinforce
3328,sit
3329,gaining
3330,witness
3331,chairs
3332,gained
3333,tra
3334,shifting
3335,texas
3336,sec
3337,harassed
3338,release
3339,transformation
3340,inevitably
3341,danger
3342,strengthening
3343,newly
3344,representing
3345,suited
3346,mal
3347,wonderful
3348,improvements
3349,coast
3350,judged
3351,accessibility
3352,distrust
3353,hidden
3354,losing
3355,coworker
3356,acted
3357,governments
3358,born
3359,largest
3360,wishes
3361,uphold
3362,adjudication
3363,legitimacy
3364,enforcement
3365,distance
3366,characteristic
3367,obtaining
3368,provision
3369,plaintiff
3370,relying
3371,preventive
3372,undertaking
3373,unclear
3374,psychologists
3375,connecting
3376,arabic
3377,captions
3378,transferring
3379,supplied
3380,accepts
3381,rolling
3382,collaborate
3383,subsidiary
3384,proprietary
3385,hire
3386,assists
3387,apologies
3388,recorded
3389,carolyn
3390,taka
3391,sentence
3392,diplomacy
3393,toxic
3394,examination
3395,hired
3396,expansion
3397,satisfactory
3398,grade
3399,plagiarism
3400,empower
3401,lens
3402,affiliated
3403,wishing
3404,drawing
3405,nam
3406,affects
3407,argument
3408,denver
3409,summer
3410,port
3411,love
3412,hat
3413,flow
3414,arises
3415,founded
3416,rapidly
3417,volunteer
3418,sustain
3419,finance
3420,comprehension
3421,honey
3422,wo
3423,joyce
3424,gio
3425,breaching
3426,stored
3427,engineering
3428,literacy
3429,finds
3430,align
3431,round
3432,remembers
3433,candide
3434,subcommittee
3435,alongside
3436,acknowledgements
3437,sheet
3438,illustrates
3439,separation
3440,pilot
3441,dilemmas
3442,sd
3443,secondary
3444,adopting
3445,evaluated
3446,compromising
3447,accounting
3448,discomfort
3449,indication
3450,obviously
3451,thirty
3452,column
3453,tough
3454,sanctions
3455,sensitivity
3456,navigating
3457,enter
3458,disability
3459,informing
3460,rare
3461,facilitative
3462,extend
3463,naturally
3464,quote
3465,belongs
3466,inequities
3467,wherever
3468,unconscious
3469,paul
3470,affirm
3471,promoted
3472,happy
3473,qualifications
3474,turns
3475,forgiveness
3476,ir
3477,legislature
3478,regulatory
3479,anonymously
3480,confidentially
3481,suggestion
3482,chain
3483,ought
3484,hypothetical
3485,utilized
3486,everyday
3487,extra
3488,temporary
3489,indirect
3490,cu
3491,constitute
3492,ona
3493,lowest
3494,insufficient
3495,police
3496,beliefs
3497,sweden
3498,kansas
3499,remedy
3500,complexities
3501,negotiate
3502,catalyst
3503,fine
3504,feature
3505,harassing
3506,invisible
3507,reaction
3508,encouragement
3509,ample
3510,save
3511,fostering
3512,patent
3513,tables
3514,calendar
3515,notified
3516,variation
3517,granting
3518,monetary
3519,reprints
3520,lecture
3521,rider
3522,sons
3523,suffering
3524,invitation
3525,welcome
3526,sib
3527,thesis
3528,marsha
3529,studying
3530,responsibly
3531,inde
3532,delivered
3533,preliminary
3534,fol
3535,tendency
3536,intervene
3537,issued
3538,competitive
3539,wh
3540,assert
3541,cre
3542,ep
3543,kc
3544,game
3545,terna
3546,soft
3547,determinedly
3548,constructively
3549,british
3550,boulder
3551,volunteers
3552,excellence
3553,closing
3554,associates
3555,fl
3556,switzerland
3557,meta
3558,balanced
3559,philosophical
3560,empathetic
3561,unresolved
3562,younger
3563,recall
3564,craig
3565,sentences
3566,obituary
3567,romantic
3568,rowland
3569,clifford
3570,fundamentally
3571,frameworks
3572,formation
3573,testing
3574,sufficiently
3575,outset
3576,versions
3577,investigated
3578,match
3579,responsiveness
3580,formerly
3581,observer
3582,curriculum
3583,protocol
3584,gathered
3585,hostility
3586,variations
3587,widespread
3588,historically
3589,subordinates
3590,ethically
3591,preparing
3592,solid
3593,applies
3594,aw
3595,threatening
3596,confront
3597,subtle
3598,builds
3599,reveals
3600,advanced
3601,empowering
3602,safeguard
3603,empowerment
3604,covert
3605,hundreds
3606,caring
3607,spread
3608,stopped
3609,dar
3610,recovery
3611,vis
3612,accepting
3613,imbalances
3614,cohorts
3615,privileges
3616,respective
3617,decrease
3618,establishes
3619,escalating
3620,invite
3621,fits
3622,innovation
3623,supervising
3624,conclude
3625,worry
3626,plus
3627,extraordinary
3628,referring
3629,asa
3630,supervisee
3631,child
3632,thousands
3633,attempting
3634,consciously
3635,overlooked
3636,suffer
3637,foreign
3638,intentional
3639,chat
3640,affecting
3641,facilitates
3642,statutory
3643,merely
3644,visits
3645,ethnicity
3646,deemed
3647,plays
3648,judges
3649,minimal
3650,excluding
3651,regarded
3652,receipt
3653,bargaining
3654,gr
3655,signal
3656,contributors
3657,block
3658,populations
3659,copyrighted
3660,assessments
3661,occasional
3662,lists
3663,pt
3664,ack
3665,decade
3666,behav
3667,drive
3668,fu
3669,confident
3670,wise
3671,cha
3672,deter
3673,scholar
3674,oriented
3675,ud
3676,outline
3677,worker
3678,hiring
3679,credentials
3680,oct
3681,supreme
3682,masters
3683,recipient
3684,dent
3685,speaker
3686,reply
3687,footnotes
3688,duc
3689,ow
3690,intelligence
3691,cognitive
3692,mitigate
3693,prospective
3694,rooted
3695,referenced
3696,weight
3697,opposite
3698,voices
3699,reform
3700,contained
3701,representation
3702,unrest
3703,burdens
3704,planned
3705,games
3706,scales
3707,atmosphere
3708,weaknesses
3709,brain
3710,permitted
3711,partnership
3712,bridge
3713,derived
3714,ace
3715,ray
3716,keynote
3717,continuum
3718,survivors
3719,subversive
3720,schloss
3721,aaa
3722,platform
3723,professionalism
3724,schemes
3725,capture
3726,recruitment
3727,illustrated
3728,existed
3729,instructions
3730,editing
3731,graphics
3732,disorders
3733,meets
3734,delivery
3735,running
3736,demonstrates
3737,competencies
3738,assumes
3739,thoroughly
3740,staffed
3741,draws
3742,anecdotal
3743,divided
3744,acknowledges
3745,protections
3746,seasoned
3747,thaddeus
3748,behave
3749,ot
3750,entirely
3751,fortunately
3752,reminded
3753,consequence
3754,protects
3755,shape
3756,pl
3757,indirectly
3758,assets
3759,food
3760,succeed
3761,talent
3762,affirming
3763,contributes
3764,interpretations
3765,uncommon
3766,failing
3767,unreasonable
3768,counter
3769,isolation
3770,oxford
3771,unwanted
3772,gra
3773,str
3774,william
3775,precedent
3776,revisit
3777,rel
3778,lede
3779,rach
3780,vendors
3781,chapters
3782,imposed
3783,fifth
3784,alike
3785,liaison
3786,appealing
3787,pres
3788,incorporated
3789,surveyed
3790,rep
3791,significance
3792,complain
3793,unwilling
3794,scene
3795,prominent
3796,families
3797,mid
3798,iii
3799,freely
3800,guarantee
3801,assumption
3802,questionable
3803,cooperative
3804,nation
3805,fees
3806,pervasive
3807,martin
3808,award
3809,stock
3810,symbols
3811,contingent
3812,deadline
3813,script
3814,jo
3815,servers
3816,quantified
3817,settled
3818,ating
3819,fr
3820,tim
3821,blueprint
3822,environmental
3823,indicator
3824,stance
3825,robust
3826,aa
3827,tee
3828,expense
3829,sage
3830,coaches
3831,argues
3832,frustrated
3833,attachment
3834,founder
3835,music
3836,concise
3837,solicited
3838,num
3839,pieces
3840,prevalence
3841,baron
3842,duration
3843,taylor
3844,hour
3845,nonverbal
3846,deans
3847,auckland
3848,constant
3849,unintended
3850,western
3851,eyes
3852,highlighted
3853,spirit
3854,hol
3855,avg
3856,ends
3857,road
3858,proved
3859,raw
3860,unfairness
3861,answered
3862,adapted
3863,transformative
3864,helm
3865,empowered
3866,bodies
3867,row
3868,schneider
3869,motion
3870,sacred
3871,endeavors
3872,master
3873,outlines
3874,blair
3875,frost
3876,enabled
3877,amain
3878,transformational
3879,roommate
3880,bureaucrat
3881,elm
3882,trouble
3883,subjective
3884,net
3885,accurately
3886,modify
3887,annually
3888,ast
3889,exit
3890,george
3891,elicit
3892,followup
3893,knows
3894,skilled
3895,coordinated
3896,modeling
3897,traditionally
3898,branch
3899,accuracy
3900,risky
3901,whenever
3902,concrete
3903,satisfy
3904,introducing
3905,expanding
3906,insurance
3907,apology
3908,liked
3909,transfers
3910,expressing
3911,remind
3912,nancy
3913,friendly
3914,imbalance
3915,berkeley
3916,assignments
3917,summarize
3918,fer
3919,rewards
3920,writes
3921,lewis
3922,knowledgeable
3923,coping
3924,burnout
3925,indicators
3926,northern
3927,nonprofit
3928,lasting
3929,paragraphs
3930,differing
3931,assign
3932,ated
3933,advising
3934,candidate
3935,travel
3936,parallel
3937,instrument
3938,coding
3939,develops
3940,supply
3941,rating
3942,dollars
3943,lay
3944,listens
3945,extreme
3946,discover
3947,solved
3948,damaging
3949,surprising
3950,recalled
3951,academia
3952,exercising
3953,county
3954,appearance
3955,missed
3956,fraud
3957,circuit
3958,rational
3959,pointed
3960,affirmative
3961,gi
3962,warrant
3963,morris
3964,miss
3965,implicit
3966,mode
3967,rn
3968,bureau
3969,convert
3970,numerals
3971,heading
3972,sleep
3973,withdrawn
3974,selections
3975,owner
3976,execution
3977,counterparts
3978,prob
3979,saved
3980,tan
3981,demographic
3982,disruptive
3983,hu
3984,ella
3985,sw
3986,griffin
3987,yo
3988,investigators
3989,accomplishments
3990,dramatic
3991,market
3992,absent
3993,mark
3994,ye
3995,tur
3996,cia
3997,cm
3998,healthcare
3999,humans
4000,hill
4001,ships
4002,ran
4003,versa
4004,vulnerability
4005,threaten
4006,nonetheless
4007,cep
4008,eastern
4009,tells
4010,tuberculosis
4011,malaria
4012,acknowledgment
4013,commentaries
4014,drafts
4015,nurture
4016,enduring
4017,toll
4018,monthly
4019,anderson
4020,necessity
4021,detrimental
4022,enhancing
4023,loch
4024,strategically
4025,implies
4026,needing
4027,priority
4028,aimed
4029,struggling
4030,decline
4031,impetus
4032,subsequently
4033,embracing
4034,profit
4035,introduces
4036,usa
4037,grown
4038,inaugural
4039,shop
4040,midst
4041,transparent
4042,town
4043,seldom
4044,entered
4045,levin
4046,die
4047,proposals
4048,centre
4049,cynthia
4050,dig
4051,consultations
4052,documentation
4053,inquirer
4054,default
4055,ombudsmanship
4056,paradigm
4057,older
4058,pursues
4059,friendship
4060,enjoyed
4061,adam
4062,storyteller
4063,regents
4064,isn
4065,coordinators
4066,cher
4067,developmental
4068,bases
4069,overlapping
4070,conflicting
4071,adaptation
4072,indicating
4073,allegation
4074,comparing
4075,integral
4076,respectfully
4077,personalities
4078,iowa
4079,competency
4080,desirable
4081,cues
4082,formulation
4083,adhering
4084,stressed
4085,forty
4086,emphasizes
4087,completing
4088,confronting
4089,reduces
4090,directs
4091,witnessed
4092,cope
4093,visiting
4094,initiated
4095,testimony
4096,resist
4097,listener
4098,bound
4099,ignore
4100,quoted
4101,adults
4102,testifying
4103,comparative
4104,affirmations
4105,huge
4106,attempted
4107,depression
4108,steven
4109,validated
4110,ron
4111,chronic
4112,serv
4113,pass
4114,securities
4115,carrying
4116,ears
4117,conciliation
4118,composed
4119,invites
4120,instruments
4121,hen
4122,balancing
4123,ensures
4124,oversee
4125,conversely
4126,assigning
4127,assuming
4128,hoc
4129,span
4130,entry
4131,timing
4132,understandings
4133,coo
4134,gar
4135,car
4136,unaware
4137,strictly
4138,understands
4139,witnesses
4140,fast
4141,severe
4142,legally
4143,distribute
4144,terminate
4145,reduction
4146,retirement
4147,sexually
4148,passing
4149,black
4150,observing
4151,networking
4152,measurable
4153,graphs
4154,keys
4155,reject
4156,conveys
4157,dif
4158,stood
4159,surfacing
4160,settle
4161,loved
4162,sabotage
4163,attacks
4164,sig
4165,sur
4166,emergency
4167,ques
4168,construct
4169,universally
4170,pears
4171,approval
4172,drives
4173,chairman
4174,verifiable
4175,stan
4176,mem
4177,inherently
4178,ahead
4179,grades
4180,fess
4181,puts
4182,impacting
4183,lud
4184,concludes
4185,sociology
4186,coauthored
4187,tri
4188,mailing
4189,contextual
4190,barling
4191,expressions
4192,ism
4193,engages
4194,dt
4195,ben
4196,validation
4197,horn
4198,adoption
4199,touch
4200,absenteeism
4201,beings
4202,sou
4203,dangerous
4204,box
4205,slow
4206,adheres
4207,pursuit
4208,card
4209,illinois
4210,surprise
4211,wayne
4212,wanting
4213,gerald
4214,lesson
4215,rea
4216,ope
4217,deputy
4218,equipped
4219,hopes
4220,dana
4221,fulltime
4222,jay
4223,withdraw
4224,midwest
4225,surprisingly
4226,mobile
4227,duma
4228,danny
4229,maker
4230,melissa
4231,vicky
4232,incumbent
4233,metrics
4234,theme
4235,rigorous
4236,zach
4237,obstacles
4238,shannon
4239,practic
4240,showers
4241,rf
4242,anna
4243,comparisons
4244,brainstorming
4245,inputs
4246,distribution
4247,breadth
4248,ame
4249,continuously
4250,categorized
4251,counted
4252,supposed
4253,limitation
4254,sea
4255,apples
4256,arena
4257,suitable
4258,drop
4259,interactive
4260,promises
4261,ug
4262,shares
4263,stimulate
4264,myriad
4265,shaped
4266,approaching
4267,bat
4268,limiting
4269,mood
4270,somehow
4271,sick
4272,unprofessional
4273,morning
4274,fire
4275,supervise
4276,hoping
4277,cut
4278,contents
4279,suspect
4280,disadvantages
4281,reasoning
4282,eq
4283,fun
4284,lie
4285,deals
4286,learns
4287,struggled
4288,threatened
4289,symptoms
4290,weekly
4291,spec
4292,ess
4293,bay
4294,intend
4295,comply
4296,originally
4297,intercultural
4298,writings
4299,roots
4300,brand
4301,investigating
4302,arrangement
4303,pu
4304,facilities
4305,successive
4306,mix
4307,producing
4308,overwhelmed
4309,upset
4310,react
4311,classic
4312,influential
4313,offenders
4314,cohort
4315,laid
4316,minority
4317,lacking
4318,promptly
4319,dictionary
4320,parliament
4321,powers
4322,vietnam
4323,unknown
4324,pose
4325,fostered
4326,air
4327,closer
4328,missouri
4329,unethical
4330,subjected
4331,delay
4332,nonunion
4333,remarks
4334,ash
4335,military
4336,grants
4337,translations
4338,thereof
4339,excerpts
4340,counterpart
4341,hopefully
4342,responders
4343,fec
4344,isolated
4345,aggregated
4346,checking
4347,yourself
4348,links
4349,experiments
4350,boundary
4351,justification
4352,moves
4353,jargon
4354,mea
4355,escalated
4356,invaluable
4357,supplements
4358,encountered
4359,conservative
4360,ration
4361,awards
4362,narrow
4363,organizationally
4364,quo
4365,symbolic
4366,anticipated
4367,consisted
4368,advancing
4369,partial
4370,directions
4371,dia
4372,poorly
4373,ort
4374,peter
4375,vigorously
4376,double
4377,ony
4378,mann
4379,mistreatment
4380,price
4381,ell
4382,captures
4383,qu
4384,ambiguity
4385,accomplished
4386,ist
4387,absolute
4388,opposing
4389,lis
4390,motivated
4391,preference
4392,additions
4393,gift
4394,housing
4395,maximize
4396,eat
4397,ariel
4398,roll
4399,articulating
4400,bonds
4401,avenues
4402,allocation
4403,realities
4404,stronger
4405,substance
4406,fortunate
4407,adds
4408,ear
4409,conducts
4410,quasi
4411,ors
4412,variable
4413,attitude
4414,stone
4415,programmatic
4416,collegial
4417,adjudicative
4418,fog
4419,deepen
4420,trainers
4421,liz
4422,conductor
4423,transactional
4424,activist
4425,attendance
4426,lei
4427,pure
4428,keen
4429,mel
4430,regards
4431,urge
4432,yi
4433,carter
4434,perseverance
4435,leah
4436,montana
4437,escalan
4438,camelia
4439,harasser
4440,brooks
4441,cate
4442,ain
4443,optional
4444,merit
4445,chart
4446,accommodate
4447,released
4448,endnotes
4449,tested
4450,benchmarks
4451,weakness
4452,accompanying
4453,optimal
4454,suit
4455,recommends
4456,honoring
4457,distinctive
4458,recommending
4459,persuade
4460,mixed
4461,upper
4462,illustrations
4463,responds
4464,spiral
4465,error
4466,returning
4467,clarified
4468,sounds
4469,nice
4470,dates
4471,falls
4472,straightforward
4473,interestingly
4474,teaches
4475,eliciting
4476,termination
4477,essay
4478,experiment
4479,interacting
4480,weak
4481,explanations
4482,doctors
4483,closure
4484,eu
4485,mon
4486,ela
4487,app
4488,adverse
4489,dine
4490,sponsored
4491,dimension
4492,missing
4493,gm
4494,alter
4495,intensity
4496,specify
4497,informs
4498,assertion
4499,delivering
4500,substitute
4501,demanding
4502,ratings
4503,hesitate
4504,intuitively
4505,losses
4506,minds
4507,approve
4508,rewarded
4509,offense
4510,barrier
4511,proven
4512,progressive
4513,admit
4514,bigger
4515,ok
4516,causing
4517,outlining
4518,impose
4519,biased
4520,varies
4521,removal
4522,exclusive
4523,drafting
4524,invested
4525,waive
4526,donne
4527,utilizing
4528,district
4529,lan
4530,brochures
4531,jointly
4532,realm
4533,ford
4534,universal
4535,finalized
4536,marital
4537,unauthorized
4538,assigns
4539,extensions
4540,sell
4541,abstracts
4542,reserves
4543,anthology
4544,trustworthy
4545,doctor
4546,coordinate
4547,surfaced
4548,notable
4549,moments
4550,shel
4551,lip
4552,quest
4553,announced
4554,loca
4555,opp
4556,load
4557,mass
4558,downsizing
4559,avoidance
4560,predict
4561,chal
4562,devoted
4563,selecting
4564,submitting
4565,proposal
4566,rut
4567,privately
4568,conf
4569,faces
4570,notably
4571,fix
4572,validity
4573,cd
4574,pepper
4575,attachments
4576,presumed
4577,opera
4578,biographical
4579,literate
4580,prejudice
4581,hands
4582,ros
4583,logical
4584,tended
4585,harass
4586,influencing
4587,motivating
4588,rebuilding
4589,pressing
4590,unaddressed
4591,vo
4592,witnessing
4593,sending
4594,collaboratively
4595,irregularities
4596,directive
4597,protocols
4598,whilst
4599,husband
4600,mother
4601,technique
4602,stuck
4603,intuition
4604,firmly
4605,occupational
4606,holistic
4607,sat
4608,generations
4609,marketing
4610,scientist
4611,arizona
4612,christopher
4613,occasions
4614,dp
4615,coop
4616,unions
4617,newsletter
4618,meanings
4619,varieties
4620,claimed
4621,equitableness
4622,organize
4623,intractable
4624,struggles
4625,courtesy
4626,ultimate
4627,preserving
4628,kat
4629,arbitrator
4630,million
4631,measurability
4632,estimated
4633,magazine
4634,descriptive
4635,playing
4636,repeat
4637,jr
4638,emeritus
4639,library
4640,nova
4641,recurring
4642,occasion
4643,cloud
4644,stanford
4645,determines
4646,advancement
4647,dear
4648,cornerstone
4649,parliamentary
4650,np
4651,budgetary
4652,sai
4653,incorporating
4654,norman
4655,push
4656,wr
4657,clark
4658,ethic
4659,neil
4660,reporters
4661,appraisals
4662,cres
4663,twelve
4664,hybrid
4665,collaborators
4666,vincent
4667,ere
4668,appraisal
4669,colin
4670,tori
4671,headings
4672,matching
4673,posting
4674,false
4675,employing
4676,sue
4677,ao
4678,operated
4679,carver
4680,warranted
4681,geared
4682,proficiency
4683,qualities
4684,constructed
4685,sv
4686,display
4687,administer
4688,facility
4689,stimulating
4690,join
4691,honestly
4692,merger
4693,prohibit
4694,violating
4695,physically
4696,checklist
4697,warnings
4698,assistants
4699,quit
4700,failures
4701,mistake
4702,drinking
4703,pros
4704,uncertain
4705,systematically
4706,competent
4707,distinctions
4708,trusting
4709,impression
4710,conveying
4711,loyalty
4712,mentioning
4713,visual
4714,recourse
4715,temple
4716,multicultural
4717,disabilities
4718,benefited
4719,invitations
4720,hypotheses
4721,thrive
4722,esteem
4723,inadequate
4724,ignoring
4725,deliberately
4726,accounts
4727,mirrors
4728,revenge
4729,ure
4730,dissent
4731,jennifer
4732,oh
4733,stephanie
4734,bach
4735,vic
4736,labour
4737,congress
4738,query
4739,endorsed
4740,govern
4741,pertaining
4742,grew
4743,covers
4744,mediations
4745,exclusively
4746,map
4747,ys
4748,authorized
4749,arbitrators
4750,sixth
4751,systemically
4752,capable
4753,comparable
4754,qualified
4755,incredibly
4756,controversy
4757,mere
4758,alternatively
4759,pool
4760,pli
4761,busy
4762,separately
4763,databases
4764,expenses
4765,briefings
4766,workable
4767,intimidating
4768,oversees
4769,dozens
4770,insults
4771,rumors
4772,hesitation
4773,powerless
4774,wrongful
4775,vague
4776,exhausted
4777,offended
4778,understandable
4779,surely
4780,multinational
4781,proportion
4782,thereafter
4783,offender
4784,xii
4785,attribute
4786,generic
4787,structurally
4788,answering
4789,motives
4790,communicates
4791,revise
4792,roy
4793,waste
4794,prevented
4795,wished
4796,industries
4797,ile
4798,lar
4799,bosses
4800,shifts
4801,burn
4802,walked
4803,affiliations
4804,fig
4805,approximate
4806,thoroughness
4807,bourne
4808,abbreviated
4809,discriminate
4810,undersigned
4811,licensing
4812,reissues
4813,copyrights
4814,derivative
4815,photocopying
4816,microform
4817,nonexclusive
4818,republishes
4819,preprints
4820,prints
4821,formatted
4822,cult
4823,differentiate
4824,images
4825,compassionate
4826,relief
4827,letting
4828,tua
4829,faulty
4830,gae
4831,tano
4832,mouth
4833,mes
4834,safely
4835,pol
4836,ages
4837,worried
4838,ordered
4839,improper
4840,announcement
4841,proc
4842,rec
4843,quantify
4844,eva
4845,coded
4846,expensive
4847,consuming
4848,profound
4849,des
4850,arrive
4851,proach
4852,justified
4853,blend
4854,gers
4855,oe
4856,enact
4857,sta
4858,departure
4859,lege
4860,identifiable
4861,destroy
4862,lv
4863,belong
4864,companion
4865,meanwhile
4866,india
4867,lut
4868,orleans
4869,siti
4870,mend
4871,remuneration
4872,sociation
4873,equanimity
4874,accorded
4875,bailey
4876,commissioned
4877,medium
4878,disruption
4879,convenience
4880,labeling
4881,land
4882,frustrations
4883,harmful
4884,rout
4885,ledge
4886,lea
4887,vehicle
4888,park
4889,helplessness
4890,appoint
4891,nuanced
4892,overwhelming
4893,integrating
4894,relied
4895,australian
4896,marriage
4897,defensive
4898,constraints
4899,destroyed
4900,campaign
4901,joining
4902,hoped
4903,sophisticated
4904,humanity
4905,gratitude
4906,cards
4907,nurturing
4908,omar
4909,edge
4910,sends
4911,situ
4912,handful
4913,cornell
4914,commercial
4915,spending
4916,turning
4917,unjust
4918,asserts
4919,ending
4920,para
4921,enriched
4922,healing
4923,aged
4924,thoughtfully
4925,vices
4926,contradictory
4927,randomly
4928,intuitive
4929,captured
4930,proposes
4931,unmanaged
4932,assembly
4933,davis
4934,stud
4935,probability
4936,cluster
4937,kr
4938,societies
4939,syracuse
4940,inst
4941,tablets
4942,trail
4943,zones
4944,adjudicate
4945,outsider
4946,somebody
4947,motivations
4948,afforded
4949,novice
4950,weta
4951,dynamical
4952,katherine
4953,slightly
4954,ronald
4955,pace
4956,paradoxes
4957,assertive
4958,positioning
4959,teleconference
4960,bacteria
4961,southeastern
4962,ake
4963,educating
4964,polarities
4965,tha
4966,hens
4967,elliott
4968,undergraduates
4969,enrolled
4970,lasa
4971,herpetologists
4972,aesthetics
4973,burling
4974,earliest
4975,attached
4976,asserted
4977,updated
4978,tobe
4979,feasible
4980,update
4981,overlap
4982,posed
4983,deserves
4984,standardized
4985,encounters
4986,learner
4987,zed
4988,mirror
4989,spaces
4990,hundred
4991,hinder
4992,diminish
4993,viewing
4994,floor
4995,enhances
4996,filled
4997,upcoming
4998,summarized
4999,allegedly
5000,fearful
